charge,mass,x,y,z,vx,vy,vz
1.0,22.99,10.797315103068211,8.898852369100851,8.748550544877428,0.000245015646382,-0.000457614085058,-0.0003376331197929
-1.0,35.453,10.49054363840419,13.877706960883964,12.320105755861967,0.0002816281237387,-0.0003832870669012,0.0001475682038991
1.0,22.99,14.912429718214938,10.496646955718518,10.683189683617833,-0.0004425852471963,-0.0001385345598444,-0.0002072112502852
-1.0,35.453,17.27358674409043,10.33825967269808,10.732279962496648,1.8640251357620262e-05,3.1622920850763646e-05,-0.0004252124144104
1.0,22.99,19.308297763720734,9.016954666606603,9.044577338674143,-0.0002528457978607,-8.619609780664713e-05,-5.438370151370191e-05
-1.0,35.453,20.130261845491603,13.236349253100794,12.983805340973,-0.0002420765841254,-0.0003602816508992,-0.0005524839709547
1.0,22.99,2.9269860965966563,11.392048345440552,10.976718787829693,-0.0001485924659768,0.0002039428207177,0.0003957132006222
-1.0,35.453,3.091540575551106,12.535617955387373,13.394036670760142,-0.0002370783512474,-0.0002672442095918,-0.0001335733286275
1.0,22.99,5.925289683265566,11.099728496006847,8.734803276257708,-0.0003073570363094,0.0002135118050627,0.0001766016472428
-1.0,35.453,6.661998149744352,13.16323057087878,13.09254693569848,0.0001682016304325,-0.0004270249337219,-0.0002718823206117
1.0,22.99,11.36912460011884,16.257377036083078,10.174774917625143,0.0009293890270919,-0.0008030193844011,0.0002965178863054
-1.0,35.453,13.674258855623949,16.77841397283594,12.623232457634998,4.498421195066128e-05,-0.0002681503112157,-0.0006842920003235
1.0,22.99,15.829470136445844,15.85638077747054,10.059092016993874,-7.287440847015057e-05,0.0005822911604887,0.0002859891472929
-1.0,35.453,17.77145274160205,14.986382504422128,10.739818918871887,-0.0001533722295674,-0.0003279170067419,5.831376858348458e-05
1.0,22.99,19.503311091814886,12.960143121299268,9.848784905773668,0.0001582094438654,0.0002964560851517,0.0002198538105411
-1.0,35.453,1.4646810898353844,16.23150471687287,13.355171618119051,-0.0002388319701229,0.0003439540468839,-0.0004634166215327
1.0,22.99,1.6757370467518868,14.551263483958666,11.87019568650714,9.163959587840944e-05,-0.0003236254469644,-0.0002311566270248
-1.0,35.453,5.3086189682846125,18.178021412203794,11.072273675835293,3.0362433602584337e-05,-0.0001053089324297,0.0002257202372716
1.0,22.99,8.19631357646353,14.296856893480609,11.04609899924343,0.000125487724925,-0.0001085730293616,0.0001310129682301
-1.0,35.453,8.299352369290078,17.39114305555318,10.194819592040695,7.58130977269732e-05,5.352581902257467e-05,-0.0004709872642254
1.0,22.99,9.879342012086195,19.571815500567922,8.701988444592821,-0.0001467184604256,0.0002883654762865,0.0001585049283892
-1.0,35.453,9.9466913667814,19.32445423473849,13.172951563305427,0.0001921323679381,-0.0005728920350572,-0.0004009621002668
1.0,22.99,12.233829570977036,19.1651347699677,12.32012479222318,8.375490916490695e-05,0.0002503692977829,-0.0002002517200563
-1.0,35.453,14.99394735072516,2.051227020700986,12.865696932098889,-0.0001235966829862,-5.270420149109663e-05,-0.0001286101969507
1.0,22.99,17.515318844435306,19.42098003604474,9.888225554555929,-5.467930696074779e-05,0.0004432501375696,0.0005503476101707
-1.0,35.453,18.03256241975618,20.382809170437252,12.269738919475927,-0.0001092736681773,-0.0001940263873584,0.000109527389383
1.0,22.99,2.805543737990916,18.98435191970651,10.8361194299261,0.0005564567121155,0.000378582220258,-6.778254333752311e-05
-1.0,35.453,2.229814413681284,19.417051524484314,13.287687912072421,-0.0003076340086507,0.0002211296699234,-0.0002107281925753
1.0,22.99,5.953505180198822,17.51917516342988,8.96466577202245,-0.0002758636216926,-8.994850491286912e-05,4.277178319639579e-05
-1.0,35.453,8.324777652394374,1.080710117523179,8.809634910756902,0.0002811900502055,-0.0001651900488167,-0.0001149609316944
1.0,22.99,8.14649290845096,0.6422257565390704,11.332750908981486,-0.0003608130659259,0.0001169307188504,0.0006385453938336
-1.0,35.453,13.858251607654289,4.234128600426138,10.552977692077233,-5.14668745109234e-05,-0.0002769612842884,0.0003548175474661
1.0,22.99,13.791680487036844,1.746024306562265,10.337975273678154,-0.0003149549726328,-5.1239251539214594e-08,0.0002367491844763
-1.0,35.453,16.953000010550383,4.634969950372722,8.546656768207269,0.0004614587621331,8.307591217904936e-05,-0.0004467613293181
1.0,22.99,18.686063781966386,2.710983350994869,9.501553960701969,0.0002170059043235,0.0002712855030936,0.0003128682690195
-1.0,35.453,20.387649742994217,2.71249612805054,12.045629450761583,-0.0006100366049767,-1.807455546063543e-05,-0.0001715598002262
1.0,22.99,2.967632419720697,3.6436852313184898,11.235202473815608,-0.0006113624181538,-0.0001736255035119,-0.0001192814800052
-1.0,35.453,5.615625767177684,3.1918683103817704,12.104357201095208,4.206853741842634e-05,0.0003218149490616,-1.9725725317292377e-06
1.0,22.99,6.265292968653486,3.2668250971503925,9.05996736423265,-0.000375726601366,0.0004254053341313,-0.0004056124483828
-1.0,35.453,9.697579441486258,3.03517600843103,11.76603075060738,-2.032773968633016e-05,-0.0001386461826889,9.196015588841124e-05
1.0,22.99,11.446078013675935,4.4097254812119715,9.08278072920501,-0.0003961258319546,-0.0003798927812611,-0.0001223344263887
-1.0,35.453,13.811867657892835,11.467968844250887,12.671066632841907,0.0002221676741754,4.7064436057918413e-05,-2.395776791195114e-05
1.0,22.99,15.717415076529253,7.181048437570032,10.793311693685675,8.595519406412841e-05,-0.0005857829910983,-0.0002886988404174
-1.0,35.453,15.58274040329975,8.059768531631391,13.0443259380905,-0.0003936181670778,0.0001648262280143,-0.0001781779844034
1.0,22.99,19.810125122292142,5.727520746662331,7.781626663451218,-0.0004741269076804,0.0002841220178248,-0.0005340164025774
-1.0,35.453,0.5270797848776163,8.789854548226678,14.420742747168951,0.0002159067104558,-3.5391263365076175e-06,0.0002600406400993
1.0,22.99,3.401773088474321,7.898693731047565,14.915077956307938,0.0001985980426666,0.0002589142557754,3.7950296471802506e-05
-1.0,35.453,3.5619757517848454,8.983576827841855,11.622112700389673,9.691790950424368e-05,-0.0001939156726671,-5.088887968758909e-05
1.0,22.99,6.403120299656649,7.841583279722698,9.95347181054989,5.918503994679873e-05,0.0001948288756758,-0.0004968488986164
-1.0,35.453,6.876215297230079,7.020089693486065,12.978807749778227,0.0001460672195394,0.0001167554662373,-0.0002086004768722
1.0,22.99,8.396892078820997,11.259033587700824,14.400505310370717,0.0002913411994204,-0.0003982406743891,0.0002027075411585
-1.0,35.453,10.683577455982512,9.59260593191095,14.220677117186616,0.0004120014931593,-0.0001917354912719,0.0002541549970353
1.0,22.99,12.537154003287613,13.448770098713627,13.702276863639218,0.0003203099042627,0.0001279351605812,-0.0003411217650908
-1.0,35.453,15.84728334400043,13.299753462990683,15.611939548419796,3.641051540772012e-05,0.0001732722622383,-2.0032880111101227e-05
1.0,22.99,17.41514037096405,11.525718775815252,13.263284068453277,-9.95223650237039e-05,0.0001476693914559,0.000477432771943
-1.0,35.453,19.938226147074985,13.018902575886306,16.981257646114436,-0.0001045621781731,1.7373140529562323e-05,3.8992131444976345e-05
1.0,22.99,0.09836071194517243,11.201571357923248,13.773350173416828,-0.000395117113439,-0.000305344900997,-0.0001345295542243
-1.0,35.453,3.684096315091317,13.00664167754084,17.37459031004219,0.0003403848315397,-4.504963261233136e-05,-1.2471437776187484e-05
1.0,22.99,6.435960795135244,6.5288090197687625,16.379528213032426,-0.0007173273155217,0.0001446707077537,-0.0003933688443177
-1.0,35.453,7.85308053867835,12.703010703095215,16.897680577381333,0.0002719648922601,-0.0007290562214462,0.0003497162935235
1.0,22.99,8.162625974138617,15.224617538323503,16.026196873154067,9.755039278826266e-06,0.0002994832330178,6.262677710318281e-05
-1.0,35.453,13.132798345192672,17.536314291537362,16.218567654528815,0.0002888834613706,0.0001404075560696,5.79098928493048e-05
1.0,22.99,14.827958657178755,16.084159725432933,14.807433100325108,0.0001577973901003,0.0002695089363747,-0.0003698488300652
-1.0,35.453,17.665149573979747,16.86278367317574,15.992702049490951,-6.549681420270626e-05,-0.0004195722521684,0.0001164522321876
1.0,22.99,18.48758319963289,15.825737436811783,13.552105300036569,-2.2862967410973343e-05,0.0006878997709088,-0.0003329319950455
-1.0,35.453,20.428567657549916,19.989711125755555,16.986746966719206,0.0001970804872064,0.000291176084919,3.007377490260833e-05
1.0,22.99,1.2398859707489156,13.757514619718453,15.795065683595428,0.0006404790547233,-2.4909147974219583e-05,-0.0006917640722887
-1.0,35.453,7.001271504438703,17.18191375257026,15.557248515346572,0.0001774348365246,-0.0001144719987739,0.0002309281951315
1.0,22.99,4.844665956257765,13.343307974761352,14.827212858106938,-0.0006224197629213,-0.0001412145539216,8.277026547657007e-05
-1.0,35.453,9.720025516117987,19.144096762321443,18.025354519045973,0.0001527262809076,0.0003060863168462,0.0002397606698962
1.0,22.99,9.279869637801507,20.613844081318067,15.859323938498138,-0.0005436378926431,0.0001502105438479,-0.0001322263611391
-1.0,35.453,11.514345988247417,1.2967153950595018,16.21303632585284,-0.0001082063144329,-0.0004118447059768,0.0002301041131636
1.0,22.99,12.355514127427128,20.0822378269791,17.520151231604075,0.0004251684308464,-0.0001304230310558,0.0004972442782033
-1.0,35.453,15.214728517589291,0.5405503092866275,18.61019941433487,-1.5935864704083438e-05,-0.0001822294149654,0.0001712261355767
1.0,22.99,17.88785128797,19.719970240032843,15.612597328219254,0.0002270925720038,0.0002073938694209,-0.0004028415353385
-1.0,35.453,18.42149297542282,1.4823441567406768,16.00397340032764,-7.053367505520353e-05,8.349335110244425e-05,7.31794937086687e-05
1.0,22.99,1.3799121070301474,18.354836679436467,15.538479615050852,8.180075435986492e-05,-0.0003130187954988,3.039863606657472e-05
-1.0,35.453,3.271653055217481,20.39335668316472,17.489302212954428,1.5219667617205537e-05,0.000171026923572,3.8655185278020385e-05
1.0,22.99,6.780046881485054,18.102202746994255,13.250803832214077,-5.318383167886688e-05,7.493149055529196e-05,0.0001760924600553
-1.0,35.453,6.422519032907945,0.2866661877640995,14.81428796501483,-3.204165053197571e-05,0.0001375565252862,0.0001725287965985
1.0,22.99,10.673260534187136,3.231466589466021,14.595318932454617,-0.0001582846863116,0.0004048929798723,8.744703381301245e-05
-1.0,35.453,12.31815205961005,5.348238357978351,14.823237957245452,-6.217261788301944e-06,2.939199709949981e-05,0.0003588824826138
1.0,22.99,13.958865481381016,4.163667968289949,13.318312683457236,-0.0003656955538371,0.0002981103525774,7.514527704730807e-05
-1.0,35.453,15.091064321289743,4.221434971711485,18.703376130665923,-0.0002295383428668,0.0002940629364298,4.9829161279522106e-05
1.0,22.99,17.717376469720808,2.6495306118291526,14.10879898126519,0.0002683280453272,0.0001672615719456,-0.0006816365346483
-1.0,35.453,19.102123727129705,4.6467865432029,15.433921522679778,-5.0962326580399386e-05,0.0007579461067074,-0.0003357844683859
1.0,22.99,0.3061504159443806,0.17075500126065696,12.401032845660803,0.000501382480595,-0.0001408425204364,0.000384769082693
-1.0,35.453,2.6146232235665794,4.310336813696289,13.636285609958136,-0.000506658696021,0.0003532713420802,0.000778441766258
1.0,22.99,4.5781960020465755,2.4780038153913764,15.004932647874956,-5.380262857256077e-05,-0.0005197539500493,0.0004235630396968
-1.0,35.453,7.498978747216844,3.949017189550358,16.56240244741008,0.0001330176790787,0.0001150643293277,-7.223173633829494e-05
1.0,22.99,9.497360307924595,7.955338418788716,13.298579901032939,0.0005626941748639,0.0001905463749316,-0.0001837325214992
-1.0,35.453,13.872601402848298,8.193105962152458,16.778966353835795,-0.0003107974894925,-0.0004283519794204,-0.000327419187783
1.0,22.99,13.270532990937783,8.436683393070947,14.202430518583492,-0.0004149265451619,0.000443604957727,0.0002271893280939
-1.0,35.453,17.705819780482305,10.065230763153734,15.353297054316076,-0.0004113970836444,0.0004410804041163,0.0001962351945811
1.0,22.99,17.836834144836644,8.00860306766173,14.981791915265742,9.963178077852568e-05,-6.96226830249572e-05,0.0004371953552153
-1.0,35.453,1.8791062495457087,8.819290759040983,17.680465845344983,0.0003508493544646,0.000124865337879,0.000182741882948
1.0,22.99,0.23788448779927857,5.296086991467935,13.479987568371055,-0.0002485503365847,0.0002743452520655,0.0002183957273079
-1.0,35.453,3.6387108956112937,6.1782783893089395,17.144329388025294,-0.0002382534324991,-0.0001552723803127,0.0002523313106024
1.0,22.99,7.061009030056276,4.670846692863535,13.445545619667715,-0.000488913912024,4.717828486043193e-05,0.0001361101830702
-1.0,35.453,9.317564218612299,7.095315572937717,15.931350980235806,-0.000105755404339,0.000154623595653,0.0005335479145097
1.0,22.99,9.723108497310012,9.314897630642923,16.98239383592451,-2.5594541434738e-05,-0.0001821830146184,5.402328638670277e-05
-1.0,35.453,12.836077796568864,13.191736666600395,20.435961355087493,0.0001959826502601,-0.0002888539939577,0.0002817692413155
1.0,22.99,15.294610269343677,11.21032919748211,17.185881484202838,0.0001488117316151,-0.0003916453064459,0.0005017465015749
-1.0,35.453,16.216385128915345,11.61139032816195,19.461715903894316,-0.0003372053296338,1.5962941915671227e-05,-0.0003930532913738
1.0,22.99,20.314287865049323,8.893203722546128,16.97169915940301,0.0001768194752017,0.0003997908299246,0.0002838937699408
-1.0,35.453,19.142872997370194,11.544007028428062,1.2175085407752384,-0.0002013193786455,0.000254954501073,3.241964062603749e-05
1.0,22.99,3.402194507187907,10.587039101507184,18.82075401496578,-0.0002531463906325,-0.0004798061033705,-0.0003704767181578
-1.0,35.453,3.1141906712014005,11.93707975895713,0.2650815923761467,-0.0002010125909094,0.0001582066916537,0.0006433639102493
1.0,22.99,6.378587015279686,9.945885751814172,0.45043595104285594,4.8344344703976256e-05,-0.0004146347112498,-0.0008711314560935
-1.0,35.453,6.274234750505116,12.221973423022124,0.48595948281110773,-0.0001338496587329,-0.0002179840940878,-3.9493494899469024e-05
1.0,22.99,12.042532046961192,15.704798744411667,20.065056515928813,-0.0005302803748416,-0.0002686950368856,0.0003881447950521
-1.0,35.453,13.973351973157902,18.225933146588094,0.1704821284112167,6.613982228561423e-05,0.0003599612729263,-8.91362775400512e-05
1.0,22.99,17.836262410995655,14.750685729809847,17.400076527743813,0.0002106356969015,-0.0004043198389509,-0.0003844523985384
-1.0,35.453,17.216489879543964,16.5723787462844,19.913632155970785,0.0002255250414436,7.068483277918412e-05,-0.0001234877191834
1.0,22.99,18.64098296716264,11.877951503475526,19.533784171918487,-0.0007049345446052,-0.0005752536480379,-0.0002029090795466
-1.0,35.453,1.219781251717183,16.329141920902593,18.459533933160138,0.0001162745187489,4.9721419507450405e-05,-0.0001919836686237
1.0,22.99,1.5631072287353518,14.055896297671751,19.430466934457694,-6.705949368262304e-05,0.0008601053428104,0.000116638232775
-1.0,35.453,4.506315700511783,15.594568832199649,20.340137446745,-0.0002389901544284,-0.0004179101199981,-0.0002355818310474
1.0,22.99,5.667703202209156,13.608219733328896,19.007311567273497,-5.997416529803678e-05,0.0002767472380689,0.0002716095180007
-1.0,35.453,9.240503119246968,15.593134085713102,20.326624313813607,-7.674397427306029e-05,-0.0008090781073507,-0.0003414975864734
1.0,22.99,9.95829416385092,18.754554254469127,20.633645269996386,-0.0006124260915857,0.0003384072217502,-0.000331124750822
-1.0,35.453,11.316773857627362,0.31236538042290607,20.391643777893904,-0.0001856338138756,-0.0005435304351813,-0.0006826948950403
1.0,22.99,15.525593353824393,18.016796812480568,18.326801823847106,0.0002695617826994,-0.0003313492589399,-2.757826924527113e-05
-1.0,35.453,17.329663788246947,20.037296615865987,0.31624032307700595,0.0002277305787486,-2.4649492104309454e-05,0.0001922386766706
1.0,22.99,19.34653456766719,18.792890788284552,19.826921833660027,-0.0002231102633301,0.0005273137242224,0.0003963649368031
-1.0,35.453,0.060132212466876576,19.41736068402517,1.2123346349806048,-0.0003603002431577,9.947212835850177e-07,0.0002452911377559
1.0,22.99,2.27390220096458,18.5457344619273,19.114640474026643,3.4575091625685616e-05,-0.0001069936242191,-0.0001699502444364
-1.0,35.453,4.00718851220904,19.287120230972178,1.0877676568991297,9.689704217710488e-05,-6.684212300258489e-05,0.0001295983364404
1.0,22.99,6.426053006296477,19.35465663732011,17.475566714925982,0.0007312668764154,0.0001165608764279,-0.0002282052147107
-1.0,35.453,7.304962554412004,20.385969830236643,19.876222932932244,-0.0005620779003709,0.0002382978112784,0.0001626944896095
1.0,22.99,10.093603441604966,1.5051102798359277,18.39132522985187,-0.000178609629766,-4.337709259594948e-05,5.399905602575477e-05
-1.0,35.453,10.79037863572596,4.222731812088831,18.642910848414047,7.483635355957865e-06,0.0001323361822342,0.0001527551096906
1.0,22.99,13.11723970065439,3.073862404426546,17.848324840607923,-0.0005549434785352,0.0002561546591633,0.0001301731172631
-1.0,35.453,19.611113521154437,3.6649573410157723,19.1762106285984,-0.0001143194008719,-0.0003264750153776,-0.0001434361003597
1.0,22.99,17.555809631005985,1.9791929330455478,18.2511525630396,0.0006898178345969,-0.0005042938607661,-0.000349070992124
-1.0,35.453,1.215325670880849,5.6484207311940455,0.7596640475196608,-0.0003533851440111,1.685800819237157e-05,8.232574227765374e-05
1.0,22.99,0.030067115535776172,1.9455384023428142,17.044952664829502,-0.000625474610394,-0.0001035120574465,-0.0008608140460741
-1.0,35.453,4.318868784138398,4.343779924243402,0.674391181457017,-0.0006531770002463,-0.0002998520137916,0.0004794447437552
1.0,22.99,4.587701847549536,0.6224848257109633,20.038147825201122,8.692586221124496e-06,-5.463409493078622e-06,7.601987572916668e-05
-1.0,35.453,8.233584488756884,4.043838443938058,0.8308940258259891,7.686849017694654e-05,-3.974101354223733e-05,0.0002825060521404
1.0,22.99,11.869915503193797,6.830395042788767,17.463779198235468,-0.0003586792274383,-0.0007087887574222,-0.0002327551272038
-1.0,35.453,11.161338881550773,8.984849902534732,19.24266359753476,0.0001047176236685,-0.0005151420570974,0.0001597945230204
1.0,22.99,15.785439880490292,6.506272677115908,18.166983624122906,-5.6210511332949146e-05,0.0002626979903762,-0.0001086144159847
-1.0,35.453,17.64968231194231,7.185849142184939,19.520835171123835,0.0004282887605823,0.0002713791347157,0.0001171712000904
1.0,22.99,0.43105035143017845,5.525315663345272,18.75152919660556,3.734443386094221e-05,-0.0002670547853233,-3.849389665588568e-06
-1.0,35.453,19.933986774152793,9.344872645946564,19.78072756847565,2.9945256819363538e-05,0.0001743392101578,0.000124261163862
1.0,22.99,3.132644475825457,6.298038066528131,19.760990011743537,-0.0003129134656819,6.130253481798024e-05,0.0002928832838499
-1.0,35.453,3.8523511918116093,8.109937370704674,0.3386021169529627,-3.985156892010814e-05,0.0001355429011138,0.000538031123405
1.0,22.99,8.324021156429362,4.7151096342103305,18.80149301836785,-0.0003690650680233,-3.4439328183735064e-05,-0.000285751922796
-1.0,35.453,7.7083843350126955,7.4257226406928245,19.248926259683543,0.0002972779082116,0.0003484433301655,8.914708187220134e-05
1.0,22.99,9.387995260476588,13.139555064539685,0.09729833308516367,0.0002923489570146,0.0002550185669253,0.0001000845341136
-1.0,35.453,11.421611398212654,13.871465505928024,5.000008692795297,-0.0002172488780207,0.0004887202180516,0.0001309224048632
1.0,22.99,16.085121796686288,7.5465284510790855,4.701810008235678,0.0004453756364472,0.000338505852779,-0.0001277361879653
-1.0,35.453,15.766117924991784,9.657371247311865,3.656851689824594,6.889069796650915e-05,0.0003552099409912,-0.000340699816196
1.0,22.99,12.888618030497103,10.71241433606423,20.191304228196355,6.511847318561769e-05,2.7568099413486653e-05,0.0002597414463135
-1.0,35.453,20.508393165966464,11.509459637192263,5.830396317723265,-0.0003820442768919,-6.706477088412092e-05,7.144316205211249e-06
1.0,22.99,17.69768153988099,9.039043620104659,0.5595240434533938,-0.0002831316866414,0.0001800741151537,-0.000339696718671
-1.0,35.453,2.894032061632662,11.165117834225612,3.6957330214610424,-5.7852254335325195e-05,-7.97001619028787e-05,0.0001886651203079
1.0,22.99,1.5293626986177835,9.347933160941762,0.6891065972052607,0.000205832943711,3.205874493125748e-05,0.0003527903969687
-1.0,35.453,9.627736831123844,11.718158003454,2.0456831950489516,-0.0003108296704958,7.410167226785608e-05,-0.0001900662442526
1.0,22.99,12.351776954756659,13.650276410728381,2.807471118149479,8.054613623670757e-05,-0.0001088060559771,-0.0001302230986893
-1.0,35.453,13.234142186204766,16.26199456262223,3.192167903127197,0.0001917911586394,-0.0002376192534838,-0.0003024240418313
1.0,22.99,16.559844880667644,11.71432211445858,2.559587209063015,0.0007723037870657,0.0007622284159831,0.0002234389857861
-1.0,35.453,17.17316744501621,15.180224926529595,4.013065309337503,-0.000121242465647,0.0004152598092115,0.0001379478496257
1.0,22.99,0.5607671684348055,12.613992586816337,2.896930375939683,-2.1451772422590623e-05,0.0003263538465045,0.0007289801180093
-1.0,35.453,1.038449487266657,15.321583464986935,3.7040524913095783,-0.0001549151649828,-0.0003036872892224,-0.0003010504209859
1.0,22.99,4.445141641007137,13.332949145474846,2.0556312632364393,7.253629900713001e-05,4.1704239220643144e-05,-0.0001051652828623
-1.0,35.453,3.7505017486261103,14.59474492757842,4.5000756465064145,-5.718527088840445e-05,-0.0002060193705403,0.000130883342954
1.0,22.99,6.877545399309991,15.995000543251354,0.8026019023500769,-0.0002493759764662,-0.000201020854121,-0.0002296674494358
-1.0,35.453,7.53283021127678,16.14720155663705,3.3094759206464315,-0.000142766109061,0.0001070405652258,0.0004129866563752
1.0,22.99,12.239169416399289,18.86958120923068,4.128846813414557,0.0001741621612205,0.0002910710312997,5.3834847793690355e-06
-1.0,35.453,14.257442733239714,0.4626796479511872,4.710620266936474,0.0003376899544915,-0.0001848492773729,-0.0002460374233126
1.0,22.99,15.69705516466515,17.012558316227416,1.7273312643690566,-3.615925502803247e-05,0.0001222075425235,0.0001292391471089
-1.0,35.453,17.919296072053275,0.19642695864535895,4.870595210808826,2.967783238866063e-05,-0.0001483636374798,-0.0001515801134231
1.0,22.99,19.850807687523748,17.174386830243645,2.6054172410112275,7.018292320462646e-05,0.0002275009113857,6.662301551329109e-06
-1.0,35.453,0.5215843163589423,19.060317851828437,4.834652103425476,-3.679732402953896e-06,3.445611521716427e-05,-0.0005258032420592
1.0,22.99,2.819015371178322,17.3223735276073,3.098609984902008,0.0002892047515874,0.0003575370696243,-0.0001825902599301
-1.0,35.453,3.940732204849596,19.569773962239612,4.504475949874995,0.0001042106385183,-0.0004739685250461,8.083046123212955e-05
1.0,22.99,6.449142842309185,19.789474818757792,3.298028220840634,-3.100423384228441e-05,-0.0001097461496947,-1.4894568944262152e-05
-1.0,35.453,10.268282876599905,20.291949927540394,3.115109031462811,-2.5500105381268127e-05,9.201010204438766e-05,7.081316774242228e-05
1.0,22.99,9.394725457692044,2.4143581107335734,2.5646224175261563,-0.0003709454121215,-0.0001550007376589,-0.000156662521363
-1.0,35.453,11.301895380215248,4.576070389977206,2.176589458915404,-0.0004080892622878,3.2602387921104585e-05,0.0001816088722463
1.0,22.99,14.25478453809239,0.3154100386221428,0.16093168054957765,-8.838977647621191e-05,0.0003195926489399,0.0001780278671323
-1.0,35.453,14.851232150204575,2.569977290523527,1.5088510886028819,-0.0003444937486068,0.000464803438672,-6.625564554531178e-05
1.0,22.99,17.42952584132644,1.003749643690809,2.1372919606648355,0.0005211226857845,-0.0007497688594306,0.0002121447114029
-1.0,35.453,19.16832060925627,2.7883688622578857,2.784332987314708,-0.0002032002866965,-0.0002251410802142,0.0003069862949644
1.0,22.99,1.0674220203216362,0.32654237901564065,3.4148103887637355,-0.0002441114272092,5.638702722871431e-05,-5.0270963596169495e-05
-1.0,35.453,2.8202426691654052,3.03507838213965,4.168356158939584,-6.100341908818701e-05,0.0005534722800032,0.0002059749132169
1.0,22.99,6.12246525240386,3.524173535655754,1.958272033832821,8.494810327199636e-05,-0.0004403850383603,-0.0001357510062521
-1.0,35.453,7.163248042827877,1.3407413435375823,3.755177924307943,0.0001918505331124,-0.0004355861435821,0.0001635521958556
1.0,22.99,9.90449093654177,6.034145757111652,0.34531933983131347,-0.0006100919618519,-0.0002176498455672,0.0004134026627111
-1.0,35.453,14.256817095484504,5.239753339435677,4.466382117395829,-0.0001875878462919,0.0001656390710909,-0.0001458761919971
1.0,22.99,15.57498293631228,4.505686665632656,2.5384269964304047,0.0001144171970827,0.0006289646679889,0.0001922205330625
-1.0,35.453,18.67733428682199,8.044577123968242,3.1619086032754637,-0.000490241190772,5.322183140484703e-06,-0.0001900226330662
1.0,22.99,19.590025190103034,4.495890071969651,0.6958340466221558,-0.0004852023518537,-2.130778823181224e-05,-0.0001100279798456
-1.0,35.453,0.7291958012385807,7.369133682625781,6.535061697780172,0.0002314836829457,-0.0005554084850323,-0.0002662262077255
1.0,22.99,2.3209576372505905,5.090382443162624,2.8765705298049324,-7.166691361908924e-05,-0.0005946554659318,-5.859823484191741e-05
-1.0,35.453,4.840124015807007,6.743720387053037,4.300058164587078,-0.0001994438162639,-0.0002627752049692,-0.0001821160037536
1.0,22.99,6.9244491219100945,6.664067135139793,1.732471849510731,-0.0004675568721951,-0.0003801988679681,0.000341713832628
-1.0,35.453,8.336905051577046,6.6174931095302005,3.57699968471245,0.0003262124796383,1.5175050661006514e-05,9.847682722742916e-05
1.0,22.99,9.789165140229919,12.070265226964597,4.760311017196055,-5.837149128744772e-05,5.105808540032765e-05,0.0001885454565422
-1.0,35.453,11.809907333119364,10.213629346958045,6.541105660464939,-0.0002732738178423,-0.0001597655969133,-0.0002514138492758
1.0,22.99,14.434047556023586,10.451866756545058,6.692958907005998,6.733028602517416e-05,0.0006986037776625,-0.0004950003882426
-1.0,35.453,14.09647497858709,13.029344412398373,7.510170186045805,-0.0001510096937213,-2.646675566062991e-05,2.5995429825138644e-05
1.0,22.99,19.38327526483028,9.284810703323336,5.297190938463248,3.910792222703551e-05,0.0001083114069344,-0.0003911090606502
-1.0,35.453,0.5201590939540041,11.260821452380883,9.689462833418258,0.0001844866650403,-7.970602078144169e-07,0.0001591568437943
1.0,22.99,1.9693201152143087,10.774906231487426,6.502068012552827,-0.0002329267473669,0.0002198594619847,0.0001061697602143
-1.0,35.453,4.213624521108476,13.445149541752272,9.456285535403957,-0.0002083434567145,0.0001088232030699,-0.0002602846564269
1.0,22.99,5.191121430432138,8.978030199752283,4.937763588307208,-0.0001557982131813,0.0002490945289595,0.0001028725094697
-1.0,35.453,7.183308696669523,12.429402709382849,6.155108842255874,0.0004118848131709,-0.0001865445138923,-3.971513546873127e-05
1.0,22.99,11.80352936485934,12.951220436159913,7.991403411407984,-0.0001670733824855,0.0005449641355741,-0.0002781699626385
-1.0,35.453,10.737741536276744,15.134086567400214,8.33159043959142,0.0003740588684859,-8.220162427358315e-05,0.0006887155282435
1.0,22.99,14.128973268999147,14.961226900593886,5.483113671707414,0.0002679848546213,-6.534653783171194e-05,7.745864122667983e-05
-1.0,35.453,15.847040244605749,16.18369745924847,7.101863027694465,0.0001261547528519,-0.0001461605799049,-0.0002668280862725
1.0,22.99,18.606865528241524,15.000188745025277,6.008436561042791,0.0001561842095724,-0.0006303688465806,0.0004933869408517
-1.0,35.453,20.52293293076514,15.731687316955467,7.299159495127127,5.359002351546049e-05,0.0003493053317244,0.0005252586248057
1.0,22.99,2.143059720419166,15.576204200144977,6.281510858058231,0.0003156709312817,-0.0002282315671109,6.84142283692571e-05
-1.0,35.453,2.1993466524221534,18.442250738768106,8.701826081204818,-0.0002278070340017,-2.539082146293141e-05,0.0001050719620491
1.0,22.99,6.0051775768226845,15.062754854299007,5.652101036696604,0.0003195498718148,0.0001761085683178,0.000679397669361
-1.0,35.453,5.873955863531889,17.387399328647586,6.073916192036552,4.0322003733466584e-05,0.0001259508284862,8.867462106928043e-05
1.0,22.99,11.98601919347087,0.6012715407574151,6.67183413850188,-2.3525769934424544e-05,-0.0001580337436512,0.0003985907676789
-1.0,35.453,12.165879146853243,20.39235970530737,10.296995478732779,-0.0001359367477014,-0.0002411924332527,0.0007006076746657
1.0,22.99,16.013541751254618,19.560795170067905,5.627726744066314,0.0002451653042858,0.0001277149027167,-0.0002490549092
-1.0,35.453,16.3444187641435,0.15845611774506732,7.933308685239196,-1.3557599272973927e-05,-0.0002214143542959,-9.213538474558354e-05
1.0,22.99,20.579366729186088,18.335296964766727,7.574493989812688,0.0001466743276979,-0.0004675482538014,7.27504864527688e-05
-1.0,35.453,20.444313011858245,0.6105074109338132,8.878555767554614,0.0001524087977181,-4.139816830585817e-05,0.0001781726947439
1.0,22.99,3.6200677704286472,18.467392197041477,6.746836941102893,-0.0002983752774236,0.0004485260378159,-0.0002239271276839
-1.0,35.453,4.183605347990316,1.3043498316275344,7.774850535130827,-0.0001541982527302,0.0004090917585022,7.148697879465599e-05
1.0,22.99,9.003024466723344,16.71780332703967,5.305412664873661,0.0001022765633567,-0.0003531123624365,5.8451973818482694e-05
-1.0,35.453,10.747474010149066,18.774952258634432,6.543884568702408,-0.0001107795981758,9.085262818789542e-06,-0.0002758822541196
1.0,22.99,7.870293989455763,1.9652981462914971,6.249154727339044,-0.0005455628176987,-7.17774842991476e-05,0.0001555055814937
-1.0,35.453,12.289207682013792,2.8793397945002734,6.845515807415409,2.980952993064672e-05,-0.000517615076891,-0.0003413931493866
1.0,22.99,12.969903079184359,2.630391545107803,3.726688043292389,0.0001545051552652,0.0007538124553143,0.0001279230597374
-1.0,35.453,17.659102624772913,8.0083248104715,7.13468722060747,0.0005579526448868,0.0004021063228289,9.241726653624156e-05
1.0,22.99,18.664968036059875,2.2601731640419813,6.143334669115108,-0.0001314116162129,0.0002759051328356,2.8161356267728447e-05
-1.0,35.453,20.542445655655758,3.4698406270681303,7.243237556110105,-0.0001900069807573,-0.0002679547875902,-0.0001477172681125
1.0,22.99,1.3295143982926494,1.4427650402328909,6.922844214022591,0.0001100760258231,0.0001037538358774,0.0001435487075056
-1.0,35.453,4.472309282314469,5.631422952319116,8.975798648158998,0.0004335219834696,-0.0003357165143323,0.0001139552521613
1.0,22.99,4.617566085584236,1.3392251485971018,5.142836024628213,0.0004988707972916,-0.0002919157870781,0.0001009531569078
-1.0,35.453,6.268910575476293,3.7226575479055954,6.183628052266982,0.0004970986518886,0.000352363417974,5.12553363934247e-05
1.0,22.99,10.792293273804647,6.211329402863793,4.423461561641129,-0.0003011154168594,-0.0005918324099128,-0.0004405635469712
-1.0,35.453,10.221345722444433,6.512665428003196,7.436876449619548,0.0003140579560933,6.886038853538547e-07,-6.840767594777892e-05
1.0,22.99,14.898247295047868,3.490343979101411,6.955515518915331,0.0002162943805265,0.0002228696434623,0.0004454197716203
-1.0,35.453,13.606450506886821,8.239386828813265,10.032222204734607,0.0001190818466298,-6.225822107431516e-05,0.0004698581329736
1.0,22.99,3.4831841169973443,4.980847440467978,6.058007960257839,-0.0002598162423004,6.345752804901151e-05,-0.0002261186061416
-1.0,35.453,20.540271712264097,6.647757861710315,10.407102462942039,9.265679175583468e-05,-0.0003518659078118,0.0003416898818701
1.0,22.99,2.8627905428800102,7.484611529016526,9.327225349971725,0.0001051607863355,-4.364084378066078e-05,0.0005669250816231
-1.0,35.453,4.222658605396054,9.873857830868737,8.02282108134947,0.0001517380191691,-0.0001243150231446,0.0001050298993967
1.0,22.99,7.906387972237656,6.197422396812593,6.0192838944417915,0.0003869282023755,0.0004416535844336,0.0002498540149882
-1.0,35.453,8.34146755265857,8.703253049230772,9.207542559296114,0.0003194068432527,-0.0004648399335074,7.94969396496147e-05
